hanam, hanam, zinc, zinc
-58.97732,3.53273,-52.592327,-5.6064005
-54.593834,8.990921,-8.677222,-49.157043
-56.51513,-7.0044494,19.062967,-43.753075
-54.967968,-29.239662,-54.39703,-5.0856323
-61.237263,1.1209117,-54.1413,-12.280004
-55.472897,-9.105583,-53.29315,-13.486156
-70.05358,9.530434,-52.780018,-12.938958
-65.91522,-3.1867976,56.55546,9.453872
-68.61193,9.14303,-52.156895,-9.739882
-62.347385,7.065444,-55.06288,-12.269515
-66.61134,7.8853345,-52.69843,-15.025729
-8.55754,-55.904507,-54.19839,-13.464202
-48.897182,-35.2468,-51.70683,-13.753087
-48.331833,-38.865948,-52.960777,-13.451943
-50.735386,-32.546177,-51.879578,-11.996134
-58.78325,5.62958,-49.905094,-9.080195
-59.268326,6.740326,-51.867584,-13.743113
-50.121395,-34.788303,51.975952,-11.829746
-61.137333,7.4714985,-42.33402,3.82027
-51.34149,-31.177065,-47.94954,3.142458
-51.226746,-31.16212,-42.58538,3.5182276
-57.715527,5.9444165,-54.672276,0.8419592
-57.966206,6.7090397,-52.3432,-9.641447
-48.87833,-37.19466,62.764065,9.132837
-57.25674,7.1285315,4.867969,-47.969185
-49.7263,-35.648598,13.0514145,-50.465637
-56.92434,7.855882,26.63793,-43.675194
-49.6839,-32.47405,13.876459,-27.640131
-59.884792,6.3870935,5.2299514,-47.463287
-59.48394,5.517408,19.057533,-43.877747
-48.943455,-33.59446,7.9811635,-29.64011
-48.620808,-32.812813,3.169706,-46.908504
-48.573547,-45.107327,53.303944,4.005841
-49.56228,-44.078846,1.6049787,-33.56193
-49.320435,-44.320084,1.8142002,-35.500423
-63.689545,7.934518,55.978283,9.598046
-48.939575,-44.04406,7.1730804,-31.746012
-45.209137,-44.25968,50.27067,-13.7209635
-44.95469,-44.747208,36.755966,-27.319674
-44.969543,-45.261276,51.470867,-7.8812227
-67.73899,10.0057955,21.477453,-37.139175
-68.09436,8.89902,-4.2007194,-46.125343
-45.593437,-43.279354,55.213818,10.185308
-70.76634,10.449052,-7.653144,-47.475243
-70.31498,10.627394,8.629736,-41.13751
-51.886448,-57.597233,37.750828,10.289614
-71.51343,10.493039,4.4413733,-31.816248
-49.780735,-33.238586,61.13337,15.466377
-49.54558,-33.783337,59.272053,10.913525
-58.387825,5.60669,17.854925,-49.608524
-51.337288,-32.933666,-4.266745,-47.479664
-50.3121,-33.67889,-3.0096567,-47.71437
-58.877262,6.382171,5.5825286,-31.860775
-48.160725,-44.598843,-36.712513,14.650295
-50.163895,-33.13997,-45.205185,2.1886282
-49.93952,-43.056774,-44.368633,7.7287927
-49.675167,-34.403725,-7.9049344,-47.505016
-48.185837,-44.795025,62.236126,11.780236
-49.85384,-43.28444,60.438858,11.641604
-44.593334,-44.105648,-3.0332832,-46.10199
-45.4859,-42.74444,-28.339039,-19.207102
-68.21968,9.778949,20.028591,-51.687782
-44.337357,-44.903786,51.129143,-10.996132
-44.162697,-44.149235,26.626907,-45.11289
-57.51425,3.1735737,-4.017738,-47.348446
-43.11491,-46.218914,56.30963,8.903668
-52.069244,-32.14747,51.539993,-10.391357
-53.278996,-29.475933,-1.3023349,-31.14711
-46.832127,-36.539265,-8.338066,-49.197987
-46.073288,-41.204678,1.6235615,-34.61629
-46.311802,-37.328617,-3.0605478,-46.726814
-46.925648,-38.058315,2.7315266,-33.822533
-47.451992,-34.242493,3.530642,-46.265903
-46.116158,-37.673443,52.646606,-10.047584
-44.971848,-37.687984,-1.1650362,-40.542866
-45.94437,-41.77732,0.5431047,-46.143906
-45.537025,-41.914604,-36.255516,15.690914
-68.37575,10.562648,-55.209183,4.069611
-53.70653,-15.303508,-46.604115,15.441735
-51.33923,-28.716719,-43.731674,6.7416716
-44.953663,-37.104683,22.452024,47.484627
-60.047638,9.879003,-38.363106,2.5338519
-43.41703,-44.50067,-0.11410909,-46.88528
-42.791245,-45.27267,63.822952,11.641463
-43.158955,-45.579258,2.766913,-44.777874
-54.829746,-15.195344,4.3726134,-45.91161
-54.921467,-15.280177,3.1033108,-46.646893
-52.894817,-29.706736,-8.026541,-50.147697
-51.34334,-28.842136,62.73648,12.238356
-52.144714,-33.18843,2.0299861,-45.644997
-45.945732,-36.882683,51.434547,-10.80124
-47.042114,-34.425915,-39.227272,2.1685734
-45.27772,-34.115517,14.6733055,-39.056522
-46.335613,-34.475124,-0.90021294,-30.960754
-44.823936,-34.40613,-1.1399704,-40.51877
-45.705345,-38.271782,62.225193,12.156434
-46.022648,-35.06217,-36.618614,16.27665
-68.80407,10.351558,-36.600616,16.381023
-42.56329,-45.69958,-38.45547,2.7936032
-54.557564,-14.737307,-41.387917,7.2213845
-45.89711,-37.23154,21.44374,48.1454
-46.65369,-33.299896,17.640053,-13.542662
-47.043385,-33.29872,16.557419,-46.67974
-47.262096,-33.768147,-27.149855,5.7254024
-46.66201,-33.96501,-26.101608,-20.258562
-46.993664,-35.055054,-29.756058,6.7619133
-45.6056,-33.73807,10.7088375,-28.3426
-46.63913,-42.873085,14.324632,-33.104374
-66.75731,9.508966,36.65324,-27.273788
-43.731415,-45.733738,24.499199,-33.30946
-43.141335,-47.367775,10.041765,-27.80485
-42.44547,-46.908127,14.1515875,-36.680866
-42.788948,-47.055817,38.47888,-23.218658
-69.62682,10.458249,38.42778,-24.199682
-43.924175,-46.33587,29.980904,-29.499956
-57.04737,-37.843506,12.453082,-36.63873
-57.788395,-50.786484,8.215985,-32.746902
-57.95241,-48.819496,10.540668,-27.451784
-57.430855,-48.598415,38.551804,-23.757736
-57.233562,-38.866512,-27.339905,-17.740654
-57.179234,-48.199272,14.098159,-34.607243
-56.754936,-44.97847,24.424835,-45.129642
-55.874233,-35.182022,55.143017,9.533972
-55.10888,-30.376053,9.704816,-35.200363
-63.658024,-0.5204112,-26.099968,-20.282612
-56.15076,-35.205334,-5.055041,-43.595745
-55.678574,-48.72466,-10.249149,-44.342747
-54.26038,-49.639626,18.721148,-46.533543
-56.182346,-47.993423,24.929064,-37.700897
-67.90668,1.9810075,-13.3253765,-32.112766
-56.021526,-35.434982,19.244368,-48.070354
-55.884953,-36.110992,-36.316147,1.2338003
-56.76722,-35.61519,20.345331,-49.395523
-54.854385,-50.508568,-13.395781,-32.024338
-68.083725,1.7795316,8.081817,-35.657898
-53.992947,-50.041035,5.1589713,-33.758064
-57.92836,-45.03544,-42.53321,9.219994
-55.391922,-49.57642,11.886683,-32.2857
-53.461407,-50.18966,52.17888,12.957728
-57.0829,-35.93968,19.289125,-13.170458
-55.829784,-56.84162,48.89514,12.874178
-55.947178,-49.736095,12.7007675,-27.702324
-68.94035,1.5163221,44.16584,4.6784616
-67.12693,1.3849362,42.43598,5.560275
-57.573433,-45.52591,7.5909076,-32.771656
-58.46769,-42.778564,52.118607,0.73333204
-57.170708,-46.08742,6.9219646,-34.556103
-55.737347,-51.93244,12.371989,-36.669563
-57.026047,-51.220966,48.87313,5.7258306
-54.39443,-51.294746,52.16614,4.9918146
-68.544044,1.2994913,37.658604,-28.772894
-54.120777,-51.66357,0.4469006,-27.90488
-58.47813,-43.52947,8.689826,-33.866043
-53.363495,-50.9881,-8.988853,-44.40327
-57.666058,-46.01363,31.037802,-27.363281
-67.43585,1.2095811,6.7306914,-44.822975
-58.005306,-42.86432,19.3167,-14.880147
-57.49563,-42.51564,10.790292,-32.238007
-52.932114,-52.07603,26.479284,-44.15299
-69.08113,1.0124687,18.2848,-33.341957
-55.201595,-54.50796,14.213439,-34.07668
-54.60538,-28.982275,-5.399947,-42.859367
-54.6978,-27.726469,50.122047,13.143618
-54.641357,-29.467482,52.353874,5.6314707
-57.426655,-38.352642,12.59863,-23.556002
-56.451984,-38.88096,55.932873,14.239571
-56.752087,-33.41082,9.239397,-30.782042
-54.464012,-30.05146,29.012337,-32.967506
-57.83288,-39.253193,25.439478,-38.18167
-68.645096,2.5040607,14.158264,-34.84687
-57.592587,-40.2836,12.012856,-32.25395
-55.138393,-33.474228,-3.5145524,-45.25092
-57.094803,-39.820053,57.983833,15.844543
-59.33139,-37.763027,34.896076,-28.899288
-55.410114,-37.252296,57.518364,17.217588
-59.70469,-39.31157,32.262283,-32.784065
-57.318157,-52.534718,32.168545,-32.438076
-56.4662,-55.55246,55.081856,11.05371
-57.254814,-40.969807,4.1460156,-24.738905
-56.628834,-40.50743,11.337545,-32.76254
-54.843052,-44.66533,52.18081,4.940285
-56.30462,-39.65586,26.00795,-32.378906
-56.3335,-53.481873,66.87112,16.971985
-56.016052,-53.318,51.668743,12.895081
-57.030014,-41.601723,55.70599,18.898666
-57.08999,-49.693283,15.4726305,-37.37496
-54.69065,-44.673634,52.180294,4.079414
-56.88347,-48.98669,37.692074,12.330793
-56.133,-45.231174,52.240284,-0.5688824
-55.591743,-40.939365,15.040821,-37.347977
-54.662796,-42.7012,10.256213,-33.640587
-54.427887,-55.970947,9.167018,-32.83931
-55.932503,-51.04576,58.474266,15.5391035
-55.606846,-51.142212,61.52041,17.020273
-55.932503,-51.04576,3.6900487,-50.376274
-55.641148,-53.86291,-9.292683,-24.772387
-56.04958,-54.542618,37.81622,-25.095533
-54.39866,-54.422653,18.895525,-13.370492
-55.083515,-56.172806,43.04361,9.25278
-67.55195,1.0866743,-31.923569,15.634746
-56.06169,-46.13075,-30.312792,16.873568
-53.546177,-44.00971,-35.334026,2.528206
-56.49546,-52.263767,-28.987692,-12.433219
-54.563713,-56.405876,-33.522705,13.957713
-53.742764,-57.118587,-44.988216,17.311682
-53.114834,-57.445004,-45.0434,17.370277
-53.91433,-57.559406,-38.156197,1.3759853
-54.875225,-53.437252,-35.878384,0.82996124
-53.270184,-57.776363,-33.250343,7.6896877
-70.04294,2.1592739,-45.667267,7.8378315
-55.121735,-56.7961,-28.830433,9.617995
-55.057373,-35.35841,-22.30205,11.947749
-55.625362,-43.912464,-45.51488,17.700228
-58.625256,-41.44402,-33.268116,-0.33266124
-55.093616,-44.447983,-24.14431,11.38522
-56.82724,-40.40238,-31.829388,5.9893284
-57.558636,-54.422535,-23.119717,12.158557
-55.34213,-55.25203,17.860603,47.856216
-53.12916,-29.133951,5.8877153,-23.44514
-54.121563,-32.112236,5.263642,-50.30241
-58.81567,-51.451553,4.121441,-50.68592
-45.305706,-33.37326,5.5961785,-30.750414
-60.238033,-39.3369,17.600977,-46.782597
-58.904556,-52.081326,14.6186,-50.233494
-58.78067,-52.322044,2.253778,-45.55649
-64.98119,9.147564,55.66907,8.337495
-68.989494,10.960906,53.93216,19.729097
-60.045315,-6.571121,-35.393776,15.620721
-55.63707,7.575254,34.178547,14.393766
-55.201515,3.9720411,55.55653,17.707384
-57.1977,-10.123427,-11.283107,-41.416367
-58.504276,-8.907914,5.7863564,-31.876486
-54.707024,7.9640317,43.377373,15.751297
-46.514824,6.984694,1.4958022,-45.22908
-52.94945,-10.202422,46.146732,13.687164
-47.051846,7.532036,9.947344,-32.21117
-59.885006,0.47141644,50.539093,12.7912035
-69.72605,2.4030917,4.188743,-40.65235
-63.92977,-4.0867524,6.0556726,-33.382805
-58.715565,5.091813,-28.252537,-18.857964
-54.39602,-4.346797,66.95684,13.666886
-60.168804,11.578426,0.19874041,-29.489046
-56.924053,2.4175415,-2.526077,-24.426476
-61.65688,-5.8099813,42.05155,8.571324
-63.570335,-4.014619,22.469099,-31.156794
-59.35993,-3.3342097,-12.151425,-46.95299
-67.80792,9.49387,-11.959127,-46.888676
-68.83577,9.591017,5.197464,-46.41724
-48.793507,-1.6553795,7.68818,-44.99464
-48.792862,-1.6619095,53.66763,16.98019
-55.32438,8.981635,-10.39572,-43.55409
-54.76552,2.3425362,9.92458,-29.94677
-56.43448,-2.3271766,56.733868,16.978128
-55.751972,-1.1372645,4.8106494,-40.818127
-55.751957,-1.172042,51.445713,-7.60374
-56.425716,-7.907988,17.769241,-49.432262
-56.111557,-2.3461468,-0.33969375,-52.388252
-54.614445,0.7548543,-5.6207047,-28.827063
-59.005203,0.010843402,9.775154,-26.32514
-65.76243,5.2403607,58.49826,13.703726
-61.212452,5.246303,-4.7197747,-45.939312
-54.804077,2.758184,52.00464,-10.923527
-54.84619,2.7492225,50.251587,-13.57822
-69.13236,-1.972823,8.650673,-41.143887
-58.71189,-8.906802,33.762917,14.727999
-56.838654,-10.338446,37.05963,12.040909
-60.04464,5.643482,2.9269338,-45.599136
-62.65561,7.0548854,5.2154026,-35.052
-65.890076,0.654987,30.340818,-31.953377
-67.33472,-3.0399985,33.435272,-33.375927
-60.43243,-6.696583,20.98579,-3.9319925
-69.654945,5.0669546,-10.757989,-37.922226
-67.074394,2.41301,68.63537,22.698797
-56.408554,-9.988052,42.543533,7.474312
-60.11771,-7.1408534,60.80958,13.054854
-68.46201,-2.2983096,44.99645,9.55015
-56.42309,-10.742829,30.973309,-36.729797
-53.54146,-5.374083,35.537453,-36.621403
-68.651245,-3.8311477,61.984898,14.518513
-65.89791,-1.59119,-5.610516,-28.811804
-65.39757,-3.1388736,30.407818,-31.602386
-56.039135,-11.120445,-0.6247024,-30.906193
-58.992104,-6.4192715,37.663662,-29.7766
-47.444046,7.384858,7.1644487,-34.897247
-70.188965,5.643324,26.358503,-45.29897
-57.105827,-9.876293,0.285825,-31.342686
-55.43591,-9.27712,7.9696655,-25.838692
-58.391678,-6.381698,43.170013,9.997771
-70.05788,5.497789,20.086094,-50.96326
-55.69008,7.0864305,-28.302471,-19.121864
-65.28154,6.295988,0.5001569,-27.942045
-60.05844,10.005902,15.172901,-5.496942
-63.345615,8.802156,51.14984,4.9879804
-59.995037,11.019321,61.617737,12.61508
-66.00726,8.413077,52.234478,-6.0489626
-59.734936,11.970054,62.16067,19.493204
-61.23698,11.748694,32.77652,-34.214222
-67.88767,-2.9536405,61.87,-0.4798027
-62.50584,-5.3235226,61.83398,14.363868
-63.383602,-0.30456546,20.899294,-3.8382795
-63.788944,7.979562,43.54819,9.245681
-59.28912,-3.2387416,43.780518,9.062133
-53.94383,-8.78425,38.33329,11.115302
-64.79887,0.3124581,50.086765,5.012976
-60.747543,-6.3506036,57.621685,14.150327
-64.80099,-3.622409,57.60039,14.768928
-60.054924,0.55223906,29.418026,7.8922396
-57.525303,-1.0782642,54.333305,11.81821
-58.052536,4.8355074,10.256167,-33.789913
-60.7012,1.2058532,3.2815468,-33.7902
-60.21728,0.73153406,52.883286,5.670957
-56.972115,-5.203996,51.033203,12.17457
-58.60654,7.533977,45.046425,6.277631
-65.44503,10.21759,30.338217,-38.64053
-63.685425,6.4021177,60.19217,14.046004
-57.50746,5.1153145,-5.960198,-45.190205
-57.791332,-0.660106,-43.411007,10.984358
-58.61101,6.640306,-41.344685,10.435391
-69.68765,-1.7359598,-23.27544,12.430227
-65.2116,8.857758,-30.82387,23.871332
-56.45648,-7.1749196,-35.376568,14.535505
 , ,-35.389828,14.729712
 , ,-22.85019,12.416917
 , ,-35.255882,0.21457565
 , ,-32.793,6.700318
 , ,-31.561176,6.6028633
 , ,-40.64388,7.8913817
 , ,17.482454,48.049473
 , ,-44.89422,8.328428
 , ,-31.944244,15.851236
 , ,-34.986614,-0.3308032
 , ,-40.743084,16.42853
 , ,-42.912056,6.0005217
 , ,16.168755,49.635983
 , ,16.335083,49.892017
 , ,-37.05909,11.140112
 , ,-34.114864,1.7497104
 , ,-39.326805,6.0472164
 , ,7.0895357,-27.189709
 , ,-34.29593,17.259037
 , ,-3.440879,-28.986397
 , ,-35.0048,16.544174
 , ,-34.01362,14.91723
 , ,52.64399,-9.435777
 , ,5.0838056,-26.315607
 , ,45.29877,5.8136687
 , ,6.3872595,-29.323677
 , ,0.17155047,-26.264936
 , ,7.0244765,-34.13287
 , ,-6.7753305,-41.57063
 , ,-8.240264,-55.06938
 , ,67.3229,21.010414
 , ,57.84603,12.998319
 , ,60.939568,13.725808
 , ,61.08818,9.763
 , ,50.536102,14.841047
 , ,-6.811795,-45.713924
 , ,-7.05913,-46.176517
 , ,4.4159913,-44.38429
 , ,-33.00323,24.78607
 , ,44.21847,16.402521
 , ,62.543533,20.398832
 , ,62.36282,22.166576
 , ,61.56251,21.241003
 , ,50.4162,-10.088608
 , ,30.333994,-38.623623
 , ,34.590805,-34.558556
 , ,24.893467,-31.648607
 , ,-3.274674,-46.518803
 , ,31.930397,-34.40616
 , ,57.07514,14.148145
 , ,37.48716,-29.73866
 , ,62.865734,19.333824
 , ,-1.1368589,-28.958374
 , ,3.9371686,-33.77278
 , ,-6.515383,-47.799583
 , ,-3.5187843,-30.4111
 , ,63.833,21.033033
 , ,28.930258,-31.173399
 , ,66.90518,21.436306
 , ,62.889645,15.118315
 , ,-2.6823144,-29.718756
 , ,56.15182,14.85912
 , ,62.21552,13.320656
 , ,53.801483,-11.01078
 , ,63.830452,20.991625
 , ,34.123837,14.038309
 , ,54.27429,16.7521
 , ,-3.8214405,-30.757202
 , ,61.87018,-0.47874978
 , ,61.324657,13.098143
 , ,64.87975,22.51516
 , ,-1.0394193,-29.184397
 , ,-47.790016,3.226255
 , ,-36.649254,5.731237
 , ,-42.840588,7.5512915
 , ,-45.350437,9.273401
 , ,-43.144997,8.95876
 , ,-40.990215,16.254208
 , ,-37.585247,0.08324951
 , ,-38.04453,2.4425921
 , ,14.569564,50.406277
 , ,-33.15514,16.20139
 , ,-31.29189,19.470459
 , ,15.906343,47.96291
 , ,-33.052383,17.577284
 , ,-48.409607,18.359812
 , ,-41.61302,6.1894283
 , ,-38.99433,9.506543
 , ,-39.702812,5.84923
 , ,49.54342,-10.139634
 , ,-32.391636,24.766289
 , ,17.89548,49.212643
 , ,21.132929,46.69259
 , ,-43.113483,8.116085
 , ,-31.051254,26.793575
 , ,-2.9733274,-29.48525
 , ,62.912773,13.6702385
 , ,-44.67608,9.78641
 , ,-45.4007,9.444892
 , ,-3.8362455,-26.839216
 , ,14.921646,-49.717285
 , ,-7.59529,-44.982464
 , ,-7.378962,-50.26345
 , ,53.86672,-11.263432
 , ,4.2975225,-44.67882
 , ,-6.279407,-50.611378
 , ,-32.598843,8.465693
 , ,-46.42006,16.884262
 , ,14.401364,50.385017
 , ,-42.67467,6.6115346
 , ,-46.510906,17.099405
 , ,-40.46955,5.3392577
 , ,16.01222,48.56917
 , ,-4.3433642,40.538868
 , ,-42.998413,12.747333
 , ,-38.898808,7.44083
 , ,-38.026825,8.699786
 , ,-47.964207,20.997492
 , ,22.228895,47.210632
 , ,-34.588375,9.2003
 , ,-25.180311,-17.88085
 , ,-17.193422,-1.5470681
 , ,37.30126,-19.96274
 , ,11.231047,-29.78471
 , ,-9.455798,-17.71947
 , ,11.029068,-26.752949
 , ,37.958485,-42.201637
 , ,35.661922,-43.51553
 , ,-9.434368,-40.542908
 , ,25.161983,-26.279438
 , ,28.185442,-12.318297
 , ,-1.1859523,-20.985432
 , ,36.59502,12.624945
 , ,41.571266,17.751804
 , ,-7.0933776,-26.963541
 , ,35.476044,13.617183
 , ,-23.138372,-19.025099
 , ,-2.0640814,-18.188335
 , ,20.376095,-13.106259
 , ,-9.672751,-36.378883
 , ,12.8736,-29.453564
 , ,11.088253,-27.502607
 , ,24.72872,-13.027318
 , ,49.35051,6.9936366
 , ,27.941326,-29.984436
 , ,38.3373,13.854588
 , ,51.368965,3.2859702
 , ,-11.082444,-21.90229
 , ,-27.459042,-16.916868
 , ,36.633907,13.123033
 , ,30.374146,-22.698065
 , ,54.18286,9.139534
 , ,-1.5280201,-21.386177
 , ,31.792385,-24.619713
 , ,1.089584,-17.847027
 , ,29.581715,-23.289593
 , ,56.751396,18.076637
 , ,11.065551,-27.550804
 , ,30.391794,-22.69047
 , ,13.435716,-30.80725
 , ,9.649041,-25.381536
 , ,29.807022,-25.037455
 , ,37.010666,-22.523369
 , ,30.142603,-29.842373
 , ,39.512978,-24.424124
 , ,27.25443,-34.184742
 , ,66.926926,13.918608
 , ,37.861423,13.572445
 , ,-31.888569,16.729712
 , ,-23.13997,14.70596
 , ,-20.129581,11.967924
 , ,-27.948751,-11.783344
 , ,-28.231064,-11.079449
 , ,-27.571053,-11.934257
 , ,-17.180975,8.70634
 , ,-30.568424,15.033285
 , ,-21.548065,12.576226
 , ,24.88817,-36.801643
 , ,8.4878235,-13.463759
 , ,37.13882,-21.3181
 , ,20.346619,-14.114551
 , ,8.460086,-13.672034
 , ,12.649843,-26.71039
 , ,-1.8408647,-9.394884
 , ,31.582293,-30.671957
 , ,-4.627677,-15.810185
 , ,41.114803,7.40034
 , ,-27.628248,-16.047
 , ,58.026524,19.29654
 , ,8.182509,-36.034
 , ,1.4357479,-24.764675
 , ,17.881866,-3.7214193
 , ,-2.3889408,-20.281775
 , ,34.86333,-32.00571
 , ,33.66848,17.782686
 , ,8.789626,-44.93694
 , ,46.09665,13.759649
 , ,60.350254,24.799524
 , ,44.944244,8.169601
 , ,51.538006,5.335767
 , ,29.243248,-29.522997
 , ,7.9034214,-45.114796
 , ,0.9281566,-24.067953
 , ,31.219698,-24.759123
 , ,25.97038,-27.56395
 , ,-8.207597,-17.36586
 , ,-6.172586,-15.888505
 , ,0.011330087,-22.184195
 , ,28.488201,-29.021488
 , ,7.5395665,-24.997778
 , ,19.854166,-12.194197
 , ,41.033627,7.1468124
 , ,-8.340509,-17.868233
 , ,58.07548,18.909548
 , ,-6.0496955,-43.706364
 , ,7.6604123,-45.767487
 , ,16.41111,-37.167374
 , ,43.69927,16.71395
 , ,22.619251,-46.36389
 , ,55.104057,33.950172
 , ,15.266852,-49.21766
 , ,17.151741,-47.771355
 , ,31.193457,-33.5421
 , ,35.81597,-32.29929
 , ,54.315628,17.07379
 , ,38.930702,38.305637
 , ,45.802673,16.457382
 , ,27.998392,-29.083992
 , ,2.0690484,-48.695503
 , ,50.29879,6.372694
 , ,50.298794,6.372693
 , ,63.49442,21.556454
 , ,25.971287,-45.720547
 , ,27.172688,-28.889708
 , ,32.01115,-33.606564
 , ,33.054214,-25.70025
 , ,-0.117205456,-21.781446
 , ,15.258335,-5.4132175
 , ,0.19818395,-20.627234
 , ,2.9455178,-30.475967
 , ,9.098866,-25.596783
 , ,55.42767,17.533781
 , ,40.62678,7.83729
 , ,43.398125,5.756351
 , ,-6.890061,-44.635372
 , ,66.912285,23.13422
 , ,44.58022,5.807368
 , ,11.283192,5.7557282
 , ,8.101117,-25.46824
 , ,67.49743,22.006866
 , ,1.5134082,-24.215527
 , ,48.871136,21.611963
 , ,45.087925,5.4085684
 , ,-33.45975,-0.70667833
 , ,57.792023,16.561596
 , ,60.04665,4.915732
 , ,-0.006958493,-23.196705
 , ,39.001713,13.654336
 , ,-27.80679,-16.825666
 , ,12.161532,-28.703213
 , ,-1.6771411,-26.635078
 , ,53.30459,20.666096
 , ,14.878288,-38.48757
 , ,-36.080082,34.3181
 , ,-32.595573,16.692858
 , ,-28.686104,8.59907
 , ,-22.018524,10.725977
 , ,-29.423964,8.077053
 , ,16.441092,44.798176
 , ,-3.5664473,40.29341
 , ,-19.37152,13.018533
 , ,-19.500631,20.294182
 , ,-28.464605,-10.472119
 , ,-33.529484,22.991823
 , ,17.562351,48.1407
 , ,-30.525549,22.658073
 , ,-30.251757,22.865362
 , ,-27.950825,-10.599569
 , ,-28.172411,-12.221735
 , ,-28.279139,-11.272152
 , ,-40.508514,17.146372
 , ,20.06889,45.805122
 , ,19.9748,-1.7396309
 , ,26.156445,-31.422949
 , ,26.661451,-28.992245
 , ,4.8873816,-28.432152
 , ,4.9750714,-26.373388
 , ,65.58309,23.077528
 , ,-1.4044955,-23.138529
 , ,43.32895,5.8883033
 , ,66.71212,22.451113
 , ,35.11452,-33.371193
 , ,55.91975,15.92391
 , ,38.96246,39.971424
 , ,-3.0161161,-26.731451
 , ,-5.019054,-14.963123
 , ,63.524254,23.13946
 , ,56.602184,18.935797
 , ,-0.050388876,-48.538357
 , ,-0.23003554,-23.287544
 , ,11.86943,-23.999817
 , ,67.87206,22.204405
 , ,44.93651,4.5460596
 , ,-7.099176,-16.119696
 , ,2.1646202,-25.713736
 , ,-5.8728514,-49.610596
 , ,64.506454,21.53427
 , ,-4.207065,-43.59135
 , ,47.398342,-8.24171
 , ,-10.570461,-41.83945
 , ,-10.967739,-41.401836
 , ,50.17959,13.596655
 , ,57.276127,19.08526
 , ,47.353508,-8.092286
 , ,32.743664,-35.058662
 , ,63.108364,23.740215
 , ,53.954903,-7.995649
 , ,20.731014,-3.7152812
 , ,-6.0417843,-47.232094
 , ,55.4522,15.535622
 , ,-5.7359633,-40.76144
 , ,41.756676,5.091566
 , ,-6.7178783,-26.758974
 , ,-0.1969143,-24.711786
 , ,7.7666764,-22.243166
 , ,62.758205,28.664606
 , ,26.252712,-46.34593
 , ,55.061905,18.19086
 , ,45.912933,16.617155
 , ,39.111362,38.950665
 , ,35.036583,-32.540504
 , ,19.826853,47.327007
 , ,-31.849388,25.219223
 , ,-32.19341,5.3865657
 , ,-30.756819,30.296959
 , ,16.40643,45.36616
 , ,-33.779186,18.627758
 , ,-8.164384,36.846737
 , ,-22.787493,11.260412
 , ,23.8251,32.81566
 , ,-31.335457,17.953646
 , ,-38.417458,-4.4763846
 , ,15.482421,48.1788
 , ,-32.41526,18.167149
 , ,-40.763218,12.4342575
 , ,-40.485714,24.421259
 , ,-43.374283,20.408728
 , ,-32.756657,17.554125
 , ,-32.85313,22.22457
 , ,-33.966515,21.955048
 , ,-48.577095,18.512716
 , ,-2.9376552,40.025787
 , ,16.420214,45.419716
 , ,-34.050053,22.125202
 , ,-38.41416,-4.437501
 , ,-40.91224,12.335023
 , ,-32.368732,17.751616
 , ,-21.623304,10.587457
 , ,-43.179546,12.713137
 , ,-40.21537,8.359804
 , ,-46.143417,20.76072
 , ,20.159674,45.55214
 , ,-33.812183,22.103184
 , ,-31.632326,25.848137
 , ,2.176494,-48.628635
 , ,-3.503796,-25.555967
 , ,62.217453,23.166462
 , ,52.37038,-5.398392
 , ,62.510105,22.417147
 , ,-31.824812,7.6984515
 , ,-30.450169,24.67158
 , ,17.686531,44.84597
 , ,15.540289,46.816917
 , ,-6.3612347,-51.318108
 , ,62.6564,23.10175
 , ,61.121105,21.992805
 , ,-37.842327,8.157739
 , ,-38.79213,9.151338
 , ,-4.4151435,40.313396
 , ,-34.715836,9.729967
 , ,-43.29242,12.577768
 , ,17.715431,45.775852
 , ,-47.282887,19.075481
 , ,-47.813053,20.92793
 , ,-16.861414,-1.3730283
 , ,-16.767735,-1.3228064
 , ,21.573925,-12.092738
 , ,38.424335,-21.83973
 , ,23.626764,-12.534761
 , ,28.839811,-20.202368
 , ,24.506119,-8.322106
 , ,-29.375353,-16.310286
 , ,25.813519,-22.703554
 , ,31.675295,-25.247387
 , ,47.871063,15.049734
 , ,24.737144,-8.441211
 , ,50.671074,25.056612
 , ,3.5672796,-22.351408
 , ,-16.759274,-1.3570794
 , ,23.400448,-22.159777
 , ,33.329853,18.385038
 , ,36.80162,14.148736
 , ,35.570927,-43.43763
 , ,20.005558,-46.49894
 , ,24.39733,-26.137804
 , ,51.597816,24.332424
 , ,4.817266,-41.61575
 , ,21.879057,-50.55301
 , ,-0.76854795,-9.449831
 , ,31.952946,-24.055159
 , ,4.7890143,-16.333311
 , ,13.485203,-30.34708
 , ,46.13243,17.668764
 , ,46.78086,16.132536
 , ,31.26399,-26.740208
 , ,43.065617,34.46784
 , ,-2.600837,0.40290976
 , ,1.3454568,-19.435112
 , ,-10.693898,-20.625189
 , ,8.222057,-9.9662285
 , ,12.624766,-23.339895
 , ,1.3942829,-20.769842
 , ,-6.312796,-13.957459
 , ,28.74538,-28.111164
 , ,5.7578197,-10.731066
 , ,37.445568,-17.3342
 , ,-8.499371,-19.12554
 , ,38.6238,15.429701
 , ,48.39755,25.165588
 , ,11.003032,-25.612871
 , ,37.534134,22.009716
 , ,32.254456,-27.11702
 , ,19.375065,-15.057557
 , ,37.01995,-22.438438
 , ,-24.640827,-17.238089
 , ,37.98326,22.517025
 , ,3.4051116,-42.777924
 , ,24.897354,-19.06211
 , ,26.14977,-12.496616
 , ,-19.02698,8.583485
 , ,-19.735266,18.856207
 , ,-14.407119,14.716981
 , ,-19.076254,8.444451
 , ,-23.262754,21.324005
 , ,-6.0352306,12.089862
 , ,-40.32879,26.259293
 , ,-18.526192,10.267613
 , ,-24.860765,27.182718
 , ,-16.431826,14.8731
 , ,-5.273292,13.741866
 , ,-17.993225,22.83626
 , ,-7.61662,16.708036
 , ,-19.860262,12.282998
 , ,16.778818,-44.90421
 , ,8.401824,-13.722521
 , ,-0.8960541,-14.475823
 , ,9.878669,-28.70818
 , ,11.258951,5.8753
 , ,25.251192,-44.30322
 , ,-23.713316,-17.36158
 , ,2.3399339,-10.846686
 , ,14.1193495,-44.72759
 , ,2.4688592,-16.521866
 , ,43.05712,32.87393
 , ,-9.85371,-10.561785
 , ,42.480938,28.38332
 , ,44.075424,18.423878
 , ,2.6696105,-22.822643
 , ,22.147053,-50.574287
 , ,60.067673,5.0048704
 , ,1.8031379,-49.697857
 , ,45.513496,29.352663
 , ,-7.0123754,-17.488247
 , ,32.572857,-25.06892
 , ,-23.798506,-17.399658
 , ,35.50021,-36.54698
 , ,-6.6217923,-39.813705
 , ,-29.081896,-18.069614
 , ,44.326332,27.338924
 , ,36.903034,-44.03989
 , ,-2.784342,-21.745886
 , ,-27.488585,-16.063177
 , ,5.683803,-10.350054
 , ,-3.459562,-17.726484
 , ,20.385561,-12.256179
 , ,-9.556345,-17.715729
 , ,65.332985,24.11006
 , ,35.225304,15.783994
 , ,33.291603,18.942291
 , ,20.298275,-26.15052
 , ,45.59237,17.385458
 , ,13.357652,-47.508324
 , ,29.380375,8.661127
 , ,22.239683,-50.247147
 , ,26.079832,-28.393303
 , ,46.229584,30.937286
 , ,37.16516,14.2868805
 , ,-13.230065,-18.112087
 , ,35.47369,17.469154
 , ,19.792145,-0.39400247
 , ,32.33147,-29.487976
 , ,-3.029674,-12.029799
 , ,26.484386,-26.014578
 , ,3.5433745,-8.832384
 , ,45.410793,28.896683
 , ,23.692688,-29.37877
 , ,-18.78433,9.358434
 , ,50.750008,6.8708296
 , ,3.2646706,-49.777252
 , ,35.297665,-42.519978
 , ,41.424572,32.969646
 , ,41.85703,32.844746
 , ,19.447819,-1.8081439
 , ,43.323757,27.56
 , ,31.644743,-35.304935
 , ,-1.102761,-50.448368
 , ,52.349876,-5.5519342
 , ,0.0515608,-19.983194
 , ,65.32275,25.270237
 , ,11.299608,6.786364
 , ,18.941116,-46.563107
 , ,58.9933,17.223492
 , ,4.9459753,-16.3138
 , ,28.178364,-18.461514
 , ,-8.750587,-35.662556
 , ,28.098263,-18.274294
 , ,37.290604,-41.570255
 , ,1.3752708,-19.416317
 , ,-11.721322,-43.499325
 , ,-15.574018,-40.774265
 , ,29.057093,25.588728
 , ,0.9305331,-15.411565
 , ,11.228946,7.453123
 , ,4.5957656,-22.488825
 , ,34.77599,-31.498287
 , ,38.49561,37.136242
 , ,-40.202682,26.294859
 , ,-28.296497,22.670052
 , ,-29.802925,18.44213
 , ,-41.68851,25.884064
 , ,-40.595978,33.788555
 , ,29.95029,16.73642
 , ,-20.425356,15.211378
 , ,-32.536797,0.7723973
 , ,-32.404438,1.3299407
 , ,-25.864058,25.669909
 , ,-25.547434,26.885998
 , ,-34.9341,26.531706
 , ,-25.753931,32.076935
 , ,-30.825785,29.308104
 , ,-14.383618,14.631889
 , ,-33.452187,25.940071
 , ,-20.46754,10.874057
 , ,-25.363304,28.319391
 , ,-30.436174,0.6851323
 , ,-9.263447,9.1897745
 , ,-25.06452,17.432987
 , ,-24.65661,25.962837
 , ,-47.501175,23.395449
 , ,42.582138,33.849224
 , ,49.49372,7.588255
 , ,21.128035,-11.178981
 , ,4.8702226,-29.790165
 , ,-4.806264,-23.205294
 , ,35.24473,15.76428
 , ,-0.7098668,-18.771008
 , ,52.66438,27.30022
 , ,15.197219,-2.540876
 , ,-1.0699214,-17.056507
 , ,49.636745,18.750355
 , ,61.89346,24.44729
 , ,-15.3898,-40.37718
 , ,47.355568,33.55637
 , ,59.719147,17.928923
 , ,-10.487217,-37.265617
 , ,-5.8005815,-26.122543
 , ,3.2084103,-20.704576
 , ,66.89446,17.006638
 , ,35.125538,19.378351
 , ,-6.160203,-40.406036
 , ,-0.744323,-24.669294
 , ,40.190083,38.10577
 , ,-6.6314983,-16.753117
 , ,35.60844,35.22206
 , ,19.752363,-0.44513828
 , ,44.297413,17.500326
 , ,47.3793,-7.618098
 , ,38.629047,40.004936
 , ,36.780476,37.819805
 , ,42.50975,26.968006
 , ,-3.5802295,-13.556226
 , ,3.6736965,-18.659082
 , ,25.450024,-30.235773
 , ,-2.142748,-49.496685
 , ,55.00746,12.5214
 , ,-6.9475665,-15.964355
 , ,53.07268,33.61313
 , ,56.089718,30.485575
 , ,-6.2204113,-23.945673
 , ,59.807606,23.086075
 , ,59.775066,23.257381
 , ,-0.3657684,-16.464754
 , ,-10.845231,-21.764761
 , ,-4.2207537,-13.42294
 , ,59.102776,25.418135
 , ,-10.933986,-38.33503
 , ,-15.519321,-40.51692
 , ,-4.3358636,-20.36429
 , ,-3.482378,-19.784452
 , ,-5.4172072,-17.48237
 , ,66.79264,14.76064
 , ,-4.2409897,-22.288223
 , ,42.481903,26.9433
 , ,34.096985,16.231583
 , ,24.769432,-25.61496
 , ,-5.2418323,-20.59334
 , ,18.835545,-10.399365
 , ,18.930199,-10.930387
 , ,19.065487,-11.226414
 , ,3.4980705,-18.837456
 , ,-11.308562,-39.34762
 , ,-0.67430913,-16.975056
 , ,-6.048159,-39.919952
 , ,-4.7644277,-23.228743
 , ,23.577833,-29.515062
 , ,45.58252,17.400642
 , ,55.555428,32.81719
 , ,-25.22353,-15.053489
 , ,-4.777346,-23.259518
 , ,44.721493,18.754044
 , ,-2.230442,-49.9101
 , ,-38.351757,-5.5167212
 , ,16.911922,42.885735
 , ,-23.959986,13.913508
 , ,16.620853,42.394474
 , ,-20.06152,15.432256
 , ,-28.114277,28.340357
 , ,-26.59289,29.546726
 , ,-25.101019,31.58922
 , ,-23.153454,14.315678
 , ,-30.221167,29.366844
 , ,-28.894249,26.388924
 , ,-21.526064,13.283162
 , ,12.874205,49.456665
 , ,-25.785706,19.765596
 , ,-41.06289,17.203903
 , ,-31.43045,23.296831
 , ,-28.570324,24.649063
 , ,10.683018,46.594738
 , ,-9.887477,10.412871
 , ,-30.376036,27.898119
 , ,17.558636,43.64694
 , ,-24.406216,17.384691
 , ,-26.765839,27.551401
 , ,18.411236,39.532764
 , ,-32.67971,20.948233
 , ,-29.641504,30.142889
 , ,-3.951817,41.114952
 , ,-31.181143,7.534896
 , ,-17.846645,14.054963
 , ,-42.432487,17.88745
 , ,-32.1287,27.265478
 , ,-27.39648,29.922783
 , ,-15.612315,14.7439375
 , ,-28.545568,32.02454
 , ,1.9092776,-48.946053
 , ,36.70185,38.504684
 , ,-30.007666,25.739588
 , ,7.9374137,-22.157768
 , ,-17.930466,17.292398
 , ,-19.09692,18.014017
 , ,-29.114414,16.361668
 , ,53.998123,18.100014
 , ,-7.7509246,-31.722853
 , ,59.39486,25.929178
 , ,21.165537,-27.482279
 , ,-7.10611,-18.906847
 , ,48.552467,-5.1269064
 , ,34.867073,37.794617
 , ,-6.690663,-23.152008
 , ,53.27169,33.905743
 , ,-48.697807,20.48315
 , ,-30.203537,24.79719
 , ,-3.355421,41.992886
 , ,-3.8450716,42.394627
 , ,11.655031,45.77032
 , ,12.002021,45.734814
 , ,17.884594,49.638966
 , ,-3.7637038,41.03918
 , ,10.696383,47.34747
 , ,11.68131,46.388226
 , ,-36.234592,33.02089
 , ,-4.845969,42.41363
 , ,-64.51513,8.704829
 , ,-39.256027,30.267708
 , ,-37.008408,6.200463
 , ,-3.9031653,42.69446
 , ,19.512903,38.167
 , ,19.446386,38.41662
 , ,13.694427,-17.880825
 , ,-6.08486,-11.889196
 , ,32.718285,-22.365389
 , ,31.271666,-13.672345
 , ,32.315815,-8.798157
 , ,38.304867,-41.058216
 , ,37.718906,-41.507042
 , ,-18.48404,24.288116
 , ,-17.982029,24.73526
 , ,34.671463,27.310951
 , ,37.04629,-15.379007
 , ,45.255394,30.804909
 , ,21.505138,-50.51496
 , ,36.48118,-16.701468
 , ,37.397896,-15.550326
 , ,3.2417636,-14.266097
 , ,25.292562,-23.089987
 , ,10.350942,-17.197231
 , ,15.73909,8.108322
 , ,7.5659313,-6.7578645
 , ,31.842594,18.335777
 , ,44.745773,30.683619
 , ,13.118787,2.0683517
 , ,27.59775,-14.809574
 , ,3.2435517,-12.80611
 , ,-22.6046,-17.510592
 , ,38.57998,15.918855
 , ,15.046986,-30.082254
 , ,6.8526816,-10.404383
 , ,-2.389511,0.11591084
 , ,2.260297,-10.511608
 , ,27.937225,-27.406116
 , ,43.447876,29.721409
 , ,55.255405,22.007492
 , ,28.182531,-22.575575
 , ,36.61788,22.334856
 , ,-23.011604,-16.871622
 , ,-26.25932,-13.2869835
 , ,32.416306,23.12995
 , ,19.885792,-46.597443
 , ,-29.41996,0.6277977
 , ,-5.8057165,10.769729
 , ,-19.053812,15.784151
 , ,-23.807486,27.69441
 , ,-5.8495197,10.81638
 , ,-26.622505,-10.907699
 , ,-16.964392,8.674377
 , ,-6.2725573,12.417014
 , ,-22.562626,24.693186
 , ,39.36889,-14.1722355
 , ,-9.021512,-14.364716
 , ,-0.83035624,-54.11299
 , ,0.5758145,-3.231526
 , ,37.028145,32.847504
 , ,4.757238,-16.822601
 , ,11.623176,8.027865
 , ,-2.9896932,-6.182003
 , ,4.82009,-10.580615
 , ,42.497265,29.52265
 , ,35.845867,36.999367
 , ,36.562088,36.763798
 , ,15.369252,2.7445128
 , ,29.063503,10.292426
 , ,34.408844,40.449722
 , ,35.140175,-42.70031
 , ,43.277237,21.008404
 , ,0.15652537,-4.735268
 , ,-0.71512204,-8.829322
 , ,45.39724,27.169405
 , ,46.22449,30.884407
 , ,37.26634,22.028824
 , ,24.28608,-28.077196
 , ,47.348892,17.613968
 , ,45.00161,42.48305
 , ,-3.5800512,-8.183339
 , ,0.1850257,-6.080206
 , ,-2.1079402,-16.198927
 , ,24.869974,-18.41581
 , ,24.869963,-18.415842
 , ,38.201813,39.410866
 , ,52.374004,25.133118
 , ,15.462868,8.251938
 , ,-23.84382,-17.746996
 , ,33.893127,26.581055
 , ,24.18404,-24.108837
 , ,20.81603,-13.016811
 , ,21.976086,-24.900599
 , ,32.39819,-9.174813
 , ,1.8301108,-8.573792
 , ,56.452797,34.291794
 , ,55.17523,35.208786
 , ,30.59951,9.525075
 , ,-5.7196994,1.3270767
 , ,32.477142,-29.290447
 , ,42.11007,28.775248
 , ,52.542267,25.269852
 , ,8.803151,-34.535072
 , ,3.9072423,-9.696105
 , ,52.581547,32.429825
 , ,55.36203,32.782825
 , ,43.180916,19.529247
 , ,43.639977,19.078901
 , ,43.242847,31.685236
 , ,12.120393,10.409881
 , ,32.152214,19.740515
 , ,10.272471,-17.871872
 , ,35.898743,-16.933477
 , ,-5.4006844,1.539563
 , ,15.774351,-9.595311
 , ,13.536175,12.513008
 , ,-1.1609663,-50.76877
 , ,21.843145,-48.47732
 , ,44.565693,27.254753
 , ,33.84205,26.04576
 , ,2.7036855,-13.295188
 , ,40.694862,37.91478
 , ,23.117903,-25.607128
 , ,24.192467,-23.883211
 , ,48.56022,25.6731
 , ,35.296253,18.987309
 , ,40.925556,29.680557
 , ,24.673979,-20.012562
 , ,31.394117,22.083721
 , ,0.38382205,-9.171434
 , ,35.117317,33.75911
 , ,-9.781228,-14.663618
 , ,35.098038,35.018044
 , ,30.12382,-12.892063
 , ,-13.599156,19.45038
 , ,-18.849792,9.313998
 , ,-27.252548,-8.967843
 , ,-5.8786354,15.084147
 , ,-34.232357,7.677193
 , ,-23.768974,30.013483
 , ,-23.975246,30.663378
 , ,-4.6879086,13.717343
 , ,-24.525822,29.27201
 , ,-22.731342,32.41139
 , ,-21.926363,24.165474
 , ,-29.249296,4.575746
 , ,-24.219496,27.04186
 , ,-27.86816,26.686907
 , ,-37.554966,34.089096
 , ,-13.50151,17.946638
 , ,-16.012232,15.408956
 , ,-7.064241,17.087059
 , ,11.550176,44.644238
 , ,-34.936016,26.677673
 , ,-27.202158,-9.774618
 , ,-26.269262,28.242413
 , ,-23.926859,25.241535
 , ,2.0470064,-15.618358
 , ,28.447779,-12.329464
 , ,29.864674,23.08733
 , ,28.286108,-22.91414
 , ,38.98213,-14.548429
 , ,58.137417,33.151318
 , ,5.6156325,-18.355942
 , ,43.14204,33.523766
 , ,-30.552757,0.7976886
 , ,-2.832189,-50.62112
 , ,7.959687,-30.286951
 , ,56.02238,33.083836
 , ,6.154525,10.216523
 , ,43.925037,33.088104
 , ,48.766056,21.627262
 , ,21.198002,-27.555704
 , ,34.146656,36.80522
 , ,-1.4073641,-51.18271
 , ,23.075602,-50.85406
 , ,16.511974,1.607735
 , ,-21.255383,35.648766
 , ,53.55763,24.58461
 , ,-30.10636,41.76116
 , ,-3.1048295,-11.356305
 , ,65.902664,24.538574
 , ,52.212654,37.12922
 , ,12.157574,7.8228025
 , ,-7.1264925,-15.442336
 , ,-37.552822,33.077213
 , ,47.03238,33.85863
 , ,61.31469,25.181005
 , ,54.22209,32.74958
 , ,-26.102486,-15.105403
 , ,47.09954,17.759245
 , ,-1.6221335,-52.681107
 , ,8.636082,-23.044405
 , ,-1.9548495,-6.946601
 , ,52.704247,25.180271
 , ,-3.2157445,-19.305113
 , ,-10.129356,-22.804892
 , ,34.63637,35.7549
 , ,42.937946,21.720102
 , ,-9.087159,-21.602938
 , ,56.775986,21.148325
 , ,32.021797,17.227427
 , ,21.009365,-25.010904
 , ,-10.604709,-20.927973
 , ,41.691147,31.868656
 , ,35.533512,18.631844
 , ,-0.32176563,-6.355772
 , ,2.1108115,-13.199318
 , ,-9.419042,-40.55525
 , ,-1.823546,-52.83257
 , ,-5.5038195,-11.9210615
 , ,-11.132215,-36.387844
 , ,15.404653,-3.2451355
 , ,24.687672,-28.066319
 , ,46.10261,34.619427
 , ,31.72531,17.651993
 , ,27.90452,-24.357155
 , ,-27.960844,-15.146066
 , ,41.37896,32.803265
 , ,55.308403,33.457596
 , ,1.6334566,-16.875368
 , ,-1.1376238,-14.243173
 , ,36.73357,37.858486
 , ,14.806276,-4.4048862
 , ,15.512985,-2.8684313
 , ,48.594532,18.81599
 , ,41.695927,17.83732
 , ,0.5622347,-8.085778
 , ,52.50369,27.35066
 , ,1.5749279,-7.2930045
 , ,-25.786785,-14.660846
 , ,36.95703,40.434315
 , ,-10.383207,8.68881
 , ,-2.8744996,-16.200497
 , ,7.4179006,-9.275583
 , ,33.433296,40.138695
 , ,8.880619,-7.7458663
 , ,46.450592,35.571846
 , ,17.158197,-2.9667802
 , ,11.783759,-8.480114
 , ,22.693691,-49.92453
 , ,-10.314252,-14.642262
 , ,4.900722,-19.37262
 , ,37.109104,-33.462517
 , ,49.39968,36.986153
 , ,-21.05775,28.058226
 , ,-18.538776,19.296743
 , ,-22.65635,27.01736
 , ,-26.379038,29.636557
 , ,10.427658,46.4378
 , ,-26.103426,19.89893
 , ,1.0647123,42.416557
 , ,30.00749,16.838903
 , ,-4.681376,34.869705
 , ,-29.956072,35.766678
 , ,-29.198416,35.90715
 , ,-18.454971,18.963469
 , ,-24.514082,32.4737
 , ,-17.863623,18.103798
 , ,-17.090715,11.90452
 , ,-35.835793,28.12693
 , ,-35.957367,2.5386424
 , ,-22.638721,16.6961
 , ,-35.39278,26.098675
 , ,13.253544,42.85178
 , ,18.469364,31.868242
 , ,-24.850878,33.5305
 , ,-24.409649,15.4023695
 , ,-17.649155,14.257301
 , ,-23.36284,34.278748
 , ,0.5327136,42.32936
 , ,-7.037647,36.37531
 , ,-4.615862,34.840107
 , ,-33.51349,28.147694
 , ,-22.83064,27.09119
 , ,18.530102,43.90626
 , ,36.13697,38.47539
 , ,-28.06659,-9.661348
 , ,-4.9355536,-51.904583
 , ,-26.877924,31.1536
 , ,54.747913,20.015318
 , ,-3.7033815,-17.127598
 , ,-5.4950953,-18.741358
 , ,53.603752,29.082674
 , ,-0.34780505,-13.369245
 , ,-8.156712,-54.954956
 , ,28.190424,-23.702208
 , ,13.389515,-47.565212
 , ,44.095024,21.036087
 , ,34.956608,18.763977
 , ,44.865044,13.982213
 , ,64.96696,25.612255
 , ,29.435665,9.219296
 , ,1.3755234,-16.980066
 , ,42.450123,22.019348
 , ,-30.097273,31.424026
 , ,-5.111142,41.497086
 , ,-36.212593,34.357525
 , ,-37.32821,34.016697
 , ,13.451745,42.93569
 , ,-30.258694,41.587677
 , ,-25.488665,32.898384
 , ,-35.85719,42.257153
 , ,-34.07913,27.705183
 , ,-22.32675,18.182404
 , ,-15.42231,13.1362505
 , ,41.43598,38.35113
 , ,-6.3075166,-20.96789
 , ,42.04791,37.96566
 , ,45.619316,19.26704
 , ,41.109516,38.137287
 , ,-46.96234,19.391016
 , ,-7.6064687,36.736473
 , ,-29.260212,25.307375
 , ,-47.829655,20.27699
 , ,13.964235,44.030903
 , ,-29.17709,26.519823
 , ,19.15631,37.331253
 , ,-34.64443,40.968708
 , ,35.17325,-12.875756
 , ,38.238605,-12.865662
 , ,33.229187,-14.116852
 , ,34.81053,-10.04877
 , ,7.2552857,5.088465
 , ,34.930603,-15.202856
 , ,32.744392,24.036724
 , ,-20.427723,-9.282598
 , ,32.92829,-13.949936
 , ,19.39697,-47.915398
 , ,-6.61669,10.149774
 , ,-7.4257092,17.867117
 , ,-16.823915,29.202492
 , ,37.579697,-10.595245
 , ,51.330753,26.577518
 , ,30.7917,-11.02538
 , ,22.088806,-46.851494
 , ,39.460316,-16.213991
 , ,36.04305,-14.454803
 , ,38.47953,-14.634052
 , ,38.142826,-16.988281
 , ,36.661816,-14.314859
 , ,29.45916,10.491725
 , ,5.114943,-41.6869
 , ,32.54304,-13.408242
 , ,31.027725,-20.706402
 , ,5.083416,7.4592094
 , ,34.861084,-16.159506
 , ,-4.460498,9.828354
 , ,35.25391,-15.940788
 , ,30.876282,9.842153
 , ,14.009165,-11.705349
 , ,-6.8712015,-3.527514
 , ,32.984806,-23.533495
 , ,0.5766767,8.686125
 , ,10.332225,9.695045
 , ,-21.371786,-10.40318
 , ,32.901394,-8.882065
 , ,36.47108,-14.5095825
 , ,36.11529,-15.539872
 , ,47.22471,26.278214
 , ,7.7890105,-28.84308
 , ,-1.4705172,-54.470654
 , ,31.953043,25.613998
 , ,2.741842,-28.467926
 , ,-12.7974825,-32.911324
 , ,-13.467272,20.662569
 , ,-7.904879,18.11031
 , ,-6.942858,18.75603
 , ,-7.5122147,17.27956
 , ,-6.54673,17.903706
 , ,-9.137139,9.029005
 , ,-18.840082,33.72053
 , ,-31.292658,-2.60872
 , ,46.116886,34.59252
 , ,0.19247366,-13.026892
 , ,30.101679,-12.79331
 , ,37.4691,-15.38633
 , ,37.316837,-16.756868
 , ,34.777367,-15.739671
 , ,14.038442,-11.636707
 , ,55.931934,24.189095
 , ,-4.8714986,-13.656848
 , ,5.9871397,-11.388637
 , ,1.867015,-10.63066
 , ,-6.8315587,1.234476
 , ,-40.596066,8.789728
 , ,26.45536,-32.591995
 , ,-2.3942876,-53.237804
 , ,14.546279,12.623227
 , ,38.060326,41.359417
 , ,27.235374,25.80247
 , ,-4.0594606,1.4624656
 , ,3.223076,-8.514939
 , ,28.973137,11.40104
 , ,-0.6150743,-7.500277
 , ,39.41256,27.79095
 , ,7.2698693,7.1952057
 , ,16.093231,-0.18977222
 , ,5.8476086,6.5562644
 , ,53.003242,34.934284
 , ,16.931963,-1.1759462
 , ,32.517708,25.205723
 , ,33.14944,21.319613
 , ,-6.1006937,-38.05021
 , ,0.5771013,8.475135
 , ,-1.2788701,0.013651244
 , ,51.56906,30.159365
 , ,32.70592,25.412298
 , ,-1.0639827,-5.491357
 , ,6.5525646,-4.9057302
 , ,32.880497,21.39234
 , ,6.8296123,10.44599
 , ,26.833118,-24.361254
 , ,5.2082186,12.151132
 , ,32.10184,29.544472
 , ,8.545953,14.047727
 , ,13.716673,12.599887
 , ,24.603851,-49.184162
 , ,20.77156,-20.711128
 , ,-0.96681345,-12.393912
 , ,7.6666937,4.8944764
 , ,-1.3067223,0.7567448
 , ,1.3115835,-2.5736692
 , ,2.5948017,-6.8667116
 , ,26.93375,-26.294876
 , ,15.264162,8.304726
 , ,-3.7974012,1.7652303
 , ,47.697342,26.463598
 , ,33.926704,22.919369
 , ,-25.839743,-16.466532
 , ,24.652882,-25.207174
 , ,29.15454,-34.755714
 , ,27.936075,-34.139217
 , ,8.030831,-43.768085
 , ,29.946247,20.44464
 , ,27.747492,-32.152443
 , ,6.7666006,-43.412037
 , ,39.860542,27.215113
 , ,24.42504,-49.510147
 , ,27.190088,24.4148
 , ,7.224585,7.214738
 , ,7.960662,-19.40665
 , ,-7.328017,19.230879
 , ,-6.7752357,10.609603
 , ,-15.542666,20.65701
 , ,-16.889116,21.609175
 , ,-3.6476967,28.56289
 , ,-4.3247113,13.296144
 , ,-6.4682245,32.121647
 , ,-23.836826,18.075335
 , ,-19.818283,34.032356
 , ,-20.456308,30.332285
 , ,-27.369526,34.901367
 , ,-21.173054,36.94714
 , ,-12.816061,19.756804
 , ,-23.059462,-7.5990934
 , ,-6.0333347,31.441778
 , ,-22.331276,18.969477
 , ,18.918802,30.723158
 , ,23.76299,32.72767
 , ,14.481721,43.40964
 , ,-14.716695,20.929266
 , ,-28.237143,5.399647
 , ,-6.565442,11.901355
 , ,31.42599,36.058483
 , ,-7.522678,18.821915
 , ,5.7860837,10.4368725
 , ,-21.604626,29.965101
 , ,27.645653,-1.0903552
 , ,27.593735,-1.0997647
 , ,24.280546,-47.732758
 , ,32.36999,33.73577
 , ,40.02939,33.983963
 , ,30.302977,12.070814
 , ,7.9871564,-2.5284882
 , ,7.511921,-8.046355
 , ,36.832874,32.857315
 , ,2.5452166,-6.9808707
 , ,5.6637936,8.694079
 , ,-3.95412,-51.496353
 , ,33.449448,35.300465
 , ,33.321983,37.05003
 , ,28.469366,27.053036
 , ,-22.19949,-10.390118
 , ,-22.199234,-10.389972
 , ,6.0763564,9.474558
 , ,-2.3212392,-5.943266
 , ,33.74365,34.1137
 , ,-22.63117,32.920383
 , ,33.63804,36.709625
 , ,7.3843026,-3.6386635
 , ,30.293732,22.59585
 , ,37.748714,41.917175
 , ,-1.159702,-6.7578735
 , ,12.873056,-22.568045
 , ,47.474335,28.817888
 , ,32.723816,40.576065
 , ,23.894596,-17.935778
 , ,-3.8518496,-7.9145274
 , ,30.481354,-9.854956
 , ,-3.7507064,-7.938262
 , ,31.604769,20.509089
 , ,29.350744,-34.696835
 , ,5.0746117,13.619709
 , ,21.494757,-45.646275
 , ,9.052621,10.3752165
 , ,10.101668,10.32057
 , ,39.689953,28.178194
 , ,33.152325,37.707367
 , ,33.603844,36.189285
 , ,47.458538,30.49582
 , ,8.981857,8.371239
 , ,15.696296,-1.5251604
 , ,15.64554,-10.163094
 , ,22.36664,-28.544147
 , ,10.058449,-34.922062
 , ,28.107147,-33.8942
 , ,-3.4110322,-22.678257
 , ,7.5772777,-28.791203
 , ,29.084232,-34.975555
 , ,-4.0203958,-51.47387
 , ,-8.733659,-1.2715993
 , ,51.644672,32.296574
 , ,40.095688,33.95375
 , ,3.5231802,-42.45659
 , ,46.235405,27.40962
 , ,22.909779,-21.795296
 , ,31.167511,40.317837
 , ,10.2616825,11.887704
 , ,28.594395,9.367227
 , ,13.46284,-12.248354
 , ,44.536808,21.484266
 , ,35.934628,32.47234
 , ,1.0076299,-13.313468
 , ,1.4581643,-4.825161
 , ,53.73138,29.104437
 , ,40.56974,39.927887
 , ,22.042236,-51.575375
 , ,35.58352,32.45366
 , ,19.381653,-22.669094
 , ,-7.675948,-13.00622
 , ,28.944832,10.436074
 , ,14.9718,-0.5096543
 , ,27.905645,26.425789
 , ,-6.304878,-51.927525
 , ,11.459396,-3.0321374
 , ,18.88946,0.70229924
 , ,6.7237196,-43.42875
 , ,32.6898,36.242405
 , ,6.5678244,-4.9483876
 , ,36.56152,34.16299
 , ,10.067462,12.050839
 , ,6.1456413,-7.8911614
 , ,54.873013,35.318413
 , ,-6.047894,-38.87261
 , ,7.4455338,-6.343934
 , ,40.78334,29.729568
 , ,4.802659,-17.466297
 , ,24.096504,-47.962635
 , ,34.572407,32.706253
 , ,-19.456926,34.146812
 , ,-18.431707,19.433096
 , ,11.551816,43.941696
 , ,27.116608,11.451566
 , ,-26.726988,35.51095
 , ,15.909783,37.71988
 , ,-33.87807,1.2370476
 , ,-6.185025,32.373478
 , ,-31.160631,8.376188
 , ,-39.10844,34.728
 , ,-15.158003,17.68869
 , ,-39.229294,34.722523
 , ,-30.393797,42.659653
 , ,-39.487427,30.73334
 , ,8.241937,45.509193
 , ,-27.004845,35.369255
 , ,14.292703,35.684944
 , ,-15.632995,17.178768
 , ,-24.246078,34.89419
 , ,8.129859,45.38116
 , ,-23.036432,18.541979
 , ,-29.024284,34.32271
 , ,-29.396544,29.947807
 , ,-14.034238,13.648854
 , ,18.658625,31.407345
 , ,-34.01401,3.454767
 , ,-35.347515,2.2647417
 , ,-6.4081798,33.323994
 , ,-24.225134,34.17437
 , ,-6.44097,33.307743
 , ,27.141567,11.429642
 , ,-23.165857,29.595755
 , ,-21.70839,35.922234
 , ,8.624422,12.0297785
 , ,53.511242,31.55349
 , ,-16.7821,16.073309
 , ,-27.963509,36.84159
 , ,31.417551,35.909103
 , ,-7.256229,-21.506233
 , ,20.591654,-24.586927
 , ,27.192533,24.436596
 , ,23.308973,-26.143883
 , ,33.39895,33.186897
 , ,61.993793,29.247425
 , ,13.124189,-3.535036
 , ,29.48991,9.886472
 , ,-9.112,36.29536
 , ,44.112785,20.942307
 , ,19.437716,-22.805536
 , ,59.194515,23.935738
 , ,4.3772016,-18.435448
 , ,-4.567994,-11.807485
 , ,14.127406,-2.3201547
 , ,62.7919,28.641506
 , ,10.191071,46.075775
 , ,-7.330877,35.75272
 , ,15.883499,36.04391
 , ,-31.803682,28.938553
 , ,-30.464329,43.82756
 , ,-33.831066,42.38969
 , ,-38.032547,33.037216
 , ,-22.900959,37.37443
 , ,-36.63717,39.894863
 , ,-22.560488,16.886404
 , ,-7.0598445,35.51119
 , ,-25.13513,18.454237
 , ,-34.930027,28.874218
 , ,-16.018642,15.959196
 , ,-14.6398,18.631147
 , ,-30.102385,31.591562
 , ,17.927872,32.24652
 , ,-36.91806,39.362644
 , ,10.636754,40.555275
 , ,17.017067,40.7047
 , ,-37.060097,43.785187
 , ,-29.908028,43.09231
 , ,37.86326,-44.849957
 , ,34.37922,33.55442
 , ,14.070697,40.683346
 , ,15.595346,35.619835
 , ,-28.764032,36.640636
 , ,-31.791405,29.398205
 , ,14.827865,34.437344
 , ,-23.456892,20.154799
 , ,-30.093193,33.05706
 , ,-29.473059,35.906773
 , ,17.697678,32.8317
 , ,-25.97503,34.429855
 , ,13.761488,40.5117
 , ,17.13466,40.69302
 , ,-26.340763,37.838615
 , ,-30.753515,32.26121
 , ,55.680916,24.617476
 , ,55.07669,31.887001
 , ,-4.521177,-10.607998
 , ,-25.911863,30.738516
 , ,-29.846292,41.47056
 , ,-34.503582,40.9623
 , ,19.628895,37.738213
 , ,-33.974087,39.898693
 , ,10.642161,-16.128527
 , ,-14.322058,22.591595
 , ,-11.676251,20.097734
 , ,33.272404,22.853403
 , ,-20.06124,-8.793848
 , ,19.937902,11.859313
 , ,20.835009,7.0012817
 , ,11.348794,-2.3788066
 , ,29.732172,-8.984833
 , ,31.022772,21.585766
 , ,27.756935,19.337627
 , ,1.1542318,9.890841
 , ,26.102118,19.639954
 , ,28.048643,-33.65303
 , ,-6.9501405,9.761782
 , ,-9.097894,17.966179
 , ,-4.9247937,18.09107
 , ,-10.272208,8.603197
 , ,34.43448,-9.546025
 , ,-21.587843,-9.854696
 , ,28.386173,25.377853
 , ,28.597837,21.009832
 , ,4.2583995,4.824796
 , ,19.243996,8.688608
 , ,4.63702,10.886845
 , ,31.041258,33.129463
 , ,-2.6309886,2.6286504
 , ,38.225357,29.871578
 , ,5.1528563,9.229929
 , ,30.230116,19.016947
 , ,6.346274,7.745934
 , ,-0.023654964,-1.8054804
 , ,-0.584784,-54.48011
 , ,49.89049,37.87497
 , ,4.655137,8.839675
 , ,32.71186,27.234116
 , ,-4.3481994,-37.881485
 , ,12.719463,1.0369225
 , ,-4.698553,-3.100993
 , ,-4.6860857,-3.106557
 , ,31.9738,29.554327
 , ,31.703312,37.076546
 , ,4.851049,5.142034
 , ,38.57631,27.599161
 , ,-1.4221568,-3.7300394
 , ,-13.490519,21.421225
 , ,-13.599598,22.027332
 , ,-33.466938,1.0340048
 , ,-15.4276085,23.324545
 , ,1.4875166,-4.3505716
 , ,0.5325007,-2.0871546
 , ,30.510187,39.04545
 , ,22.884624,-26.971308
 , ,2.9842799,-3.9717348
 , ,13.388963,-1.3730196
 , ,50.056927,38.104458
 , ,25.988281,25.02019
 , ,2.7115278,-3.9841647
 , ,8.295106,12.543668
 , ,5.481287,-8.081449
 , ,25.76633,25.476852
 , ,-14.036873,-26.193213
 , ,6.328881,-7.47034
 , ,4.3672013,5.0725837
 , ,56.41578,23.520702
 , ,45.043335,43.6483
 , ,31.00039,33.010475
 , ,45.30044,44.197105
 , ,30.681314,33.20945
 , ,-7.467285,-11.671453
 , ,5.14573,12.24148
 , ,-12.762551,-30.261826
 , ,30.57344,-9.878497
 , ,3.3962102,-2.1263711
 , ,8.268366,9.02297
 , ,-6.6462617,-8.967723
 , ,25.167185,-48.634033
 , ,-7.784104,24.600365
 , ,0.73896885,-3.5239916
 , ,13.723685,36.597496
 , ,-20.238714,30.453794
 , ,-20.028923,30.001823
 , ,-5.8842454,17.75226
 , ,-21.005922,37.908234
 , ,-23.699066,41.469814
 , ,-6.672307,31.512993
 , ,-18.670982,42.610836
 , ,19.844175,30.3547
 , ,18.954313,31.075603
 , ,-41.01152,34.544662
 , ,-23.805672,34.85854
 , ,-16.821808,29.205338
 , ,-12.756567,29.973536
 , ,-12.756568,29.974255
 , ,-35.537106,43.527176
 , ,-31.123533,6.627271
 , ,-15.307176,18.163347
 , ,-22.861359,41.411034
 , ,-17.362953,38.01568
 , ,-33.29122,2.920999
 , ,-22.507195,41.29139
 , ,-23.434158,35.740833
 , ,-40.09617,34.74383
 , ,-22.942156,41.946987
 , ,-15.893029,24.83466
 , ,-10.325246,24.975197
 , ,28.42035,28.058243
 , ,3.836118,17.081635
 , ,33.25849,32.34509
 , ,-36.5362,40.470455
 , ,-6.276233,-10.680267
 , ,12.475002,-2.080673
 , ,-31.270725,32.98564
 , ,14.00023,34.966774
 , ,-10.965565,23.810741
 , ,15.096183,33.81289
 , ,14.079543,35.816868
 , ,-29.4374,44.86109
 , ,-20.537016,37.306255
 , ,-29.271029,43.921284
 , ,9.918318,43.99775
 , ,-8.917185,23.723783
 , ,-25.673986,37.813793
 , ,8.034264,44.664345
 , ,-14.392371,31.31121
 , ,-16.41476,19.681393
 , ,13.041727,38.337036
 , ,32.980392,32.798985
 , ,-23.06392,32.775562
 , ,14.147338,34.253826
 , ,15.998672,40.10103
 , ,13.495623,40.549957
 , ,10.56669,40.579792
 , ,14.39175,33.81798
 , ,13.204835,38.80476
 , ,-33.212822,43.03925
 , ,-36.81475,35.430798
 , ,12.237168,37.83547
 , ,15.634023,39.366184
 , ,-33.22585,43.1954
 , ,-31.908318,46.949352
 , ,-33.020878,44.35227
 , ,1.2702973,6.4596157
 , ,20.074453,11.73628
 , ,19.035477,6.929143
 , ,3.284885,9.197607
 , ,31.093464,29.089918
 , ,27.679115,35.16301
 , ,-20.92865,-7.255397
 , ,-25.17546,-10.040929
 , ,-20.814554,-7.2744994
 , ,19.257685,8.027655
 , ,29.122053,-21.159052
 , ,8.143273,10.606106
 , ,4.252942,17.283108
 , ,20.655447,7.426141
 , ,19.946962,11.862659
 , ,35.392567,31.069992
 , ,3.575446,5.245375
 , ,32.785873,-14.772287
 , ,-0.28402722,2.6499507
 , ,48.918377,37.096382
 , ,25.917843,22.956173
 , ,5.212443,-14.17652
 , ,12.621792,0.94056624
 , ,-0.4809661,2.3852391
 , ,33.393196,-12.739086
 , ,2.8421957,10.75813
 , ,-3.7548223,1.4756576
 , ,10.932004,-1.7999936
 , ,9.700519,13.68658
 , ,32.931038,29.4096
 , ,25.982294,19.809507
 , ,37.99802,29.919537
 , ,2.312701,10.411369
 , ,-23.12382,-14.120766
 , ,29.470236,-25.64723
 , ,28.83194,-25.965788
 , ,19.915405,30.01185
 , ,-9.740807,23.024393
 , ,-18.445568,13.427517
 , ,-18.445517,13.427543
 , ,-18.36609,35.568836
 , ,-20.900944,42.560734
 , ,-19.717957,43.16307
 , ,-4.904653,18.02486
 , ,-23.49017,-7.24796
 , ,27.597977,21.580057
 , ,27.952917,34.823414
 , ,34.557774,-17.721046
 , ,29.021225,-21.066431
 , ,3.0981162,6.9118547
 , ,6.0004787,-14.906007
 , ,50.64663,39.553913
 , ,50.62659,39.51029
 , ,11.788326,22.026556
 , ,7.956726,15.40622
 , ,26.440971,21.227818
 , ,1.7306433,0.42844507
 , ,30.257942,38.962242
 , ,29.179083,37.427113
 , ,1.7373224,0.46406397
 , ,1.4893764,-1.6132815
 , ,8.49679,14.589255
 , ,3.9929273,-1.5227545
 , ,-6.481128,3.437496
 , ,-21.740274,-9.197312
 , ,31.73992,24.30187
 , ,27.06883,-1.1892527
 , ,27.721346,30.341774
 , ,5.5557327,-5.316586
 , ,-2.5593667,-13.937222
 , ,7.6282716,-0.44730675
 , ,19.02805,6.9207435
 , ,-14.101683,-26.021347
 , ,-18.173056,31.749163
 , ,-21.171278,32.623466
 , ,-21.789515,43.05402
 , ,16.956934,31.314093
 , ,18.30955,29.176105
 , ,-12.7031355,24.263203
 , ,18.307428,29.081196
 , ,-18.954424,38.527065
 , ,7.5712447,44.32114
 , ,-19.66304,42.774197
 , ,-17.957308,35.685265
 , ,-19.756899,41.770134
 , ,-19.314186,37.669952
 , ,-11.715048,25.004719
 , ,-28.538807,43.473778
 , ,-9.923871,25.100414
 , ,3.366894,7.0005393
 , ,-26.85024,43.45011
 , ,-18.747797,37.269127
 , ,32.620674,40.772
 , ,11.782409,22.032167
 , ,12.451659,-0.64500695
 , ,24.971493,26.071125
 , ,47.445446,44.935333
 , ,14.300216,9.493324
 , ,-6.544971,-9.242991
 , ,11.714321,11.16708
 , ,0.23383805,-11.796182
 , ,6.0255537,-3.4792008
 , ,-0.61592424,-2.3364816
 , ,30.756735,34.83351
 , ,-9.286105,24.22843
 , ,-24.424301,41.184116
 , ,-21.87413,41.64849
 , ,-28.74119,43.17961
 , ,-40.353954,35.57464
 , ,12.784295,34.63557
 , ,-11.262355,25.057726
 , ,-22.80284,42.039505
 , ,12.404525,34.704525
 , ,-16.05975,19.778677
 , ,-18.80401,37.023808
 , ,-29.25196,45.53994
 , ,-12.781948,30.730421
 , ,9.061386,17.188774
 , ,9.137005,12.70808
 , ,4.936562,1.0730731
 , ,-30.84045,47.275497
 , ,-20.525078,38.082005
 , ,-30.061897,44.2253
 , ,-11.840422,25.753305
 , ,-27.918465,45.79942
 , ,-34.535736,43.9775
 , ,-20.580393,38.593784
 , ,15.321852,36.042385
 , ,-29.632002,46.82663
 , ,-20.05202,40.09094
 , ,-27.789207,45.784637
 , ,-42.696354,20.96324
 , ,-37.1632,36.17786
 , ,-33.87413,44.40995
 , ,-34.626205,44.442627
 , ,-22.40823,34.2511
 , ,21.964876,8.883475
 , ,-13.812881,0.22707047
 , ,11.110581,-15.553669
 , ,-23.591509,-6.874199
 , ,-20.501244,-8.874847
 , ,-15.400229,-0.62798584
 , ,-15.054596,-0.15209816
 , ,30.249685,-20.295471
 , ,9.053187,17.191677
 , ,-22.782837,-15.679986
 , ,30.170752,-19.871353
 , ,3.9866667,14.043141
 , ,33.538494,-8.278365
 , ,-15.038802,-38.89079
 , ,-40.75025,36.500683
 , ,-19.783882,41.536762
 , ,-7.1459384,22.347244
 , ,10.878205,22.36808
 , ,5.040987,1.9196571
 , ,4.350761,14.501374
 , ,-15.359394,-0.6154165
 , ,-9.237575,-6.267794
 , ,3.4868865,13.778155
 , ,-18.149723,32.062668
 , ,-22.291512,43.832745
 , ,21.601925,30.487108
 , ,20.731564,27.822443
 , ,-8.277297,25.55347
 , ,-2.851438,-4.5668554
 , ,6.0665245,16.108288
 , ,-7.5864644,21.558035
 , ,11.469789,36.399017
 , ,-27.804356,49.158318
 , ,-27.823612,49.17288
 , ,22.500734,27.391212
 , ,-22.834997,21.451405
 , ,-27.554962,43.759094
 , ,-15.819111,1.6814907
 , ,-15.812648,1.6727943
 , ,-14.503404,44.68325
 , ,-14.51186,44.681248
